metric,version,group,split,gate,n,r,ci_lo,ci_hi,rho,spearman_brown
avg_shadow,v1,CB,split-half,>=25 snaps/half,139,0.3996547262559286,0.24977173509209552,0.5308346566244205,0.4059788194289289,0.571076164369485
avg_shadow,v1,CB,split-half,>=50 snaps/half,120,0.4292534977992741,0.27084837722816074,0.5650243225064737,0.4362108479755539,0.6006681088557446
avg_shadow,v1,CB,split-half,>=75 snaps/half,104,0.4917430858941853,0.33044655786892974,0.6251313102708912,0.5022724847967567,0.6592865628727524
avg_shadow,v1,CB,split-half,>=100 snaps/half,83,0.5038308907060617,0.32326824046285946,0.6489957944905771,0.49796398136098396,0.6700632282789573
avg_shadow,v1,CB,split-half,>=150 snaps/half,39,0.6154831788225571,0.37225150489301034,0.7796069321372433,0.5836032388663968,0.7619803002481911
soe_per_contest,v2 window,CB,split-half,>=10 contests/half,113,-0.09784949689418887,-0.27756535327970155,0.08848306714657314,-0.06544014904517934,-0.21692499545768656
soe_per_contest,v2 window,CB,split-half,>=15 contests/half,96,0.044514129626927704,-0.1573799551946251,0.242836436482278,0.01013293543136191,0.08523413588062605
soe_per_contest,v2 window,CB,split-half,>=20 contests/half,70,0.08801989514592476,-0.15006197865754287,0.3164529550342636,0.06156941649899396,0.1617983192009914
soe_per_contest,v2 window,CB,split-half,>=25 contests/half,50,0.11513765762947979,-0.16861895287177175,0.38127092320271616,0.05920768307322929,0.20649945204834236
soe_per_contest,v2 window,CB,split-half,>=30 contests/half,27,0.11691093583962113,-0.2753423752198579,0.47579243609939076,0.10561660561660562,0.2093469265778745
soe_per_contest,v2 window,CB,split-half,>=40 contests/half,3,0.28126181071407935,,,-0.5,0.439038779369105
avg_shadow,v1,all defenders,split-half,>=25 snaps/half,360,0.602799797336707,0.5326225330378213,0.6647448351601858,0.6354036062137585,0.7521835207845041
avg_shadow,v1,all defenders,split-half,>=50 snaps/half,295,0.6872498661354173,0.6218555653011992,0.743126361715162,0.7104382660072733,0.8146391117630223
avg_shadow,v1,all defenders,split-half,>=75 snaps/half,245,0.7354591952332165,0.6720774518487472,0.7881425349706512,0.7578854172616668,0.8475672574190177
avg_shadow,v1,all defenders,split-half,>=100 snaps/half,198,0.7434240713985515,0.673833731950303,0.7999413357864237,0.7660676865329571,0.8528321750223244
avg_shadow,v1,all defenders,split-half,>=150 snaps/half,100,0.7947452639511582,0.7090025963282426,0.8573328181365432,0.8084008400840083,0.8856357277149347
soe_per_contest,v2 window,all defenders,split-half,>=10 contests/half,228,0.05480658179707837,-0.07566024090667581,0.18342845656908965,0.09075841595987352,0.10391778500984354
soe_per_contest,v2 window,all defenders,split-half,>=15 contests/half,171,0.14401069960820642,-0.006198379491100897,0.2878643702861512,0.11244870041039673,0.25176460265192674
soe_per_contest,v2 window,all defenders,split-half,>=20 contests/half,105,0.3027692011220553,0.11794503096664462,0.46731873523786305,0.26954177897574116,0.4648086566082231
soe_per_contest,v2 window,all defenders,split-half,>=25 contests/half,62,0.19607082113648405,-0.05646715031455564,0.4250284513877624,0.17181637329707136,0.32785821319540465
soe_per_contest,v2 window,all defenders,split-half,>=30 contests/half,32,0.20468149937243965,-0.15508729930689225,0.5165163304030332,0.21884164222873898,0.33981014812473725
soe_per_contest,v2 window,all defenders,split-half,>=40 contests/half,3,0.28126181071407935,,,-0.5,0.439038779369105
soe_per_contest,v2 window+depth,CB,split-half,>=10 contests/half,113,-0.039647651116560795,-0.22274932286256424,0.14615596971841643,-0.03571428571428572,-0.08256896786404996
soe_per_contest,v2 window+depth,CB,split-half,>=15 contests/half,96,0.05146742071572403,-0.150575852175137,0.2493836400180464,-0.003011394465545307,0.09789636787926466
soe_per_contest,v2 window+depth,CB,split-half,>=20 contests/half,70,0.09747371009885433,-0.14072772382782758,0.32500784578052266,0.04445805266380894,0.1776328839623401
soe_per_contest,v2 window+depth,CB,split-half,>=25 contests/half,50,0.05765285917892009,-0.22429921949322354,0.33069843471543325,-0.002064825930372149,0.10902038164710738
soe_per_contest,v2 window+depth,CB,split-half,>=30 contests/half,27,0.060525896701700686,-0.3270160777339893,0.4306409512422982,0.022588522588522588,0.11414317536222335
soe_per_contest,v2 window+depth,CB,split-half,>=40 contests/half,3,-0.15140933246507216,,,-0.5,-0.35684892200123136
soe_per_contest,v2 window+depth,all defenders,split-half,>=10 contests/half,228,-0.014648047290815638,-0.14430146660854185,0.11549982383230621,0.013563138556430899,-0.02973160453083071
soe_per_contest,v2 window+depth,all defenders,split-half,>=15 contests/half,171,0.0580137923759507,-0.0928698896113991,0.20629283602584436,0.033330933352533176,0.10966547467338932
soe_per_contest,v2 window+depth,all defenders,split-half,>=20 contests/half,105,0.19747979131766166,0.006039716420944185,0.37495612508130377,0.1689819614347916,0.32982567680806096
soe_per_contest,v2 window+depth,all defenders,split-half,>=25 contests/half,62,0.039956747470697836,-0.21193094368355717,0.2868663910140123,0.0008310040039283827,0.07684309480731297
soe_per_contest,v2 window+depth,all defenders,split-half,>=30 contests/half,32,0.051988469177448975,-0.3021895805130877,0.3935538242125936,0.07001466275659823,0.09883847722798486
soe_per_contest,v2 window+depth,all defenders,split-half,>=40 contests/half,3,-0.15140933246507216,,,-0.5,-0.35684892200123136
cmp_pct_allowed,PFR,CB,split-half,>=10 targets/half,112,0.3634421153710773,0.1907469847500372,0.5143157690971478,0.3591264706014325,0.5331243787671355
cmp_pct_allowed,PFR,CB,split-half,>=15 targets/half,89,0.43526792646737844,0.24963682977701152,0.5900416359387335,0.4020546619285483,0.6065319491096026
cmp_pct_allowed,PFR,CB,split-half,>=20 targets/half,79,0.38295567192322016,0.17681336377140294,0.5569123436100538,0.33563841259993504,0.553822048960773
cmp_pct_allowed,PFR,CB,split-half,>=25 targets/half,64,0.4070515878597331,0.17916501293108167,0.5934820845228456,0.3391004649708659,0.5785880082462356
cmp_pct_allowed,PFR,CB,split-half,>=30 targets/half,44,0.3655543341905725,0.07702857508026353,0.5975852341641371,0.28604659377016256,0.535393319823123
cmp_pct_allowed,PFR,CB,split-half,>=40 targets/half,12,-0.08325567438501986,-0.6271970899828178,0.515274443701129,-0.25218952860180466,-0.18163335634320815
passer_rating_allowed,PFR,CB,split-half,>=10 targets/half,112,0.15895865450717653,-0.02740891106357925,0.3346469389577245,0.1497853802293549,0.2743128995827214
passer_rating_allowed,PFR,CB,split-half,>=15 targets/half,89,0.163482553768236,-0.046356181943702966,0.359503021447756,0.16712703067495033,0.2810227849807561
passer_rating_allowed,PFR,CB,split-half,>=20 targets/half,79,0.1805884805869291,-0.042211380531019436,0.38627844265543965,0.18242564767650182,0.3059295996131516
passer_rating_allowed,PFR,CB,split-half,>=25 targets/half,64,0.13798279937966432,-0.11161663442013538,0.37120583612450625,0.13814102564102562,0.242504191548205
passer_rating_allowed,PFR,CB,split-half,>=30 targets/half,44,0.1432085080222003,-0.16050093410973232,0.4221458317853972,0.142353770260747,0.2505378625461022
passer_rating_allowed,PFR,CB,split-half,>=40 targets/half,12,0.051856347178108206,-0.5380666464727893,0.6076809093749437,0.2937062937062937,0.09859967535914389
cmp_pct_allowed,PFR,CB all,2023->2024,>=30 targets/season,69,0.17734445345779898,-0.061940356307652274,0.39735063833178724,0.13167438593743233,
cmp_pct_allowed,PFR,CB same_team,2023->2024,>=30 targets/season,51,0.1350379432473484,-0.14598328488366086,0.39589328845491245,0.12114218481310526,
cmp_pct_allowed,PFR,CB changed_team,2023->2024,>=30 targets/season,18,0.25769126291376154,-0.23779528421736795,0.6467571217749423,0.16615067079463364,
cmp_pct_allowed,PFR,CB all,2023->2024,>=20 targets/season,85,0.2077046042420893,-0.005674470719769478,0.4029929367656321,0.1817795368708475,
cmp_pct_allowed,PFR,CB all,2023->2024,>=40 targets/season,56,0.2834412217181321,0.02218961406581111,0.5084570761604207,0.21634278515509053,
cmp_pct_allowed,PFR,CB all,2023->2024,>=60 targets/season,28,0.15105315231424324,-0.2352898249290148,0.4961741947760176,0.027245346037840998,
passer_rating_allowed,PFR,CB all,2023->2024,>=30 targets/season,69,-0.015881313475940018,-0.251620384742565,0.2216366679926348,-0.08732188527584948,
passer_rating_allowed,PFR,CB same_team,2023->2024,>=30 targets/season,51,0.08871279021686866,-0.1915589605453049,0.3556072985116877,-0.06009049773755656,
passer_rating_allowed,PFR,CB changed_team,2023->2024,>=30 targets/season,18,-0.3493049505639023,-0.7017406319484396,0.14048266989760919,-0.28586171310629516,
passer_rating_allowed,PFR,CB all,2023->2024,>=20 targets/season,85,0.02649666202604637,-0.18769114267580325,0.2382789381179344,0.01442251319132304,
passer_rating_allowed,PFR,CB all,2023->2024,>=40 targets/season,56,0.03640392306620939,-0.22868995451554805,0.2964715958407683,-0.06049213943950787,
passer_rating_allowed,PFR,CB all,2023->2024,>=60 targets/season,28,-0.2541928298238545,-0.5729410611167295,0.13134655746168405,-0.350848385331144,
cmp_pct_allowed,PFR,CB all,2018-2025 pooled,>=30 targets/season,426,0.1889690673861395,,,,
passer_rating_allowed,PFR,CB all,2018-2025 pooled,>=30 targets/season,426,0.11649752061651143,,,,
