test,component,n,r,ci_lo,ci_hi,spearman_brown,diff_vs_cmp,diff_lo,diff_hi,z,p
split-half,involvement,115,0.30505625223356264,0.12915721094110405,0.46234350758436704,0.46749900889171403,,,,,
split-half,effect,115,0.1211362407972535,-0.06338347613865275,0.297647668543963,0.216095486684316,,,,,
split-half,avg_shadow,115,0.4455347182705947,0.28573198159604657,0.5812297049788343,0.6164289416771981,,,,,
predict 2nd-half cmp% (weeks 1-9 -> 10-18),cmp_pct_allowed,90,0.26877984320724146,0.06532098892826226,0.45078277262768596,,,,,,
predict 2nd-half cmp% (weeks 1-9 -> 10-18),involvement,90,-0.03629405422028581,-0.24157312630102812,0.1720942703693015,,-0.3050738974275273,-0.605831202070967,0.015275202598737995,-2.0201109738769154,0.04337187782106544
predict 2nd-half cmp% (weeks 1-9 -> 10-18),effect,90,0.18068579020918854,-0.02743563700254938,0.37379358523926665,,-0.08809405299805292,-0.3308550025604446,0.15870691288712296,-0.732877970932697,0.46363286006880733
predict 2nd-half cmp% (weeks 1-9 -> 10-18),avg_shadow,90,0.14638271898583546,-0.06261012392915882,0.3430771121726988,,-0.122397124221406,-0.39254092144359726,0.14601208184050468,-0.9499921809982369,0.3421162256081405
predict 2nd-half cmp% (odd -> even weeks),cmp_pct_allowed,101,0.3637037743439408,0.18113680870900276,0.5220383439857668,,,,,,
predict 2nd-half cmp% (odd -> even weeks),involvement,101,-0.05095843464468526,-0.24397137455149906,0.14593778890044193,,-0.41466220898862605,-0.6402807978337459,-0.1623923052812426,-3.0626120245726054,0.0021941433160139745
predict 2nd-half cmp% (odd -> even weeks),effect,101,0.1614549079353029,-0.03509529320009417,0.34598019830990306,,-0.2022488664086379,-0.41957593434809953,0.01423421444635109,-1.6391053877788357,0.10119131317633556
predict 2nd-half cmp% (odd -> even weeks),avg_shadow,101,0.09016761253502231,-0.10716365280999404,0.28066433751784464,,-0.2735361618089185,-0.46770437403820203,-0.0632370819313919,-2.098535053793531,0.03585790670971489
target rate (weeks 1-9 -> 10-18),avg_shadow,103,0.23412836604563092,0.042527158216075785,0.40911913550896717,,,,,,
target rate (weeks 1-9 -> 10-18),involvement,103,0.2530709124275663,0.06260914794399432,0.42574748972414134,,,,,,
target rate (weeks 1-9 -> 10-18),effect,103,-0.0012780958110191773,-0.1947580543452097,0.1922975999693517,,,,,,
target rate (weeks 1-9 -> 10-18),avg_shadow | involvement,103,0.10136553909422685,,,,,,,,
target rate (odd -> even weeks),avg_shadow,120,0.20362818237566851,0.025307318643248016,0.3693902781085174,,,,,,
target rate (odd -> even weeks),involvement,120,0.2661010214178176,0.09120676335190309,0.4250709076534846,,,,,,
target rate (odd -> even weeks),effect,120,-0.10783150315478779,-0.2816326105066794,0.07282054949470881,,,,,,
target rate (odd -> even weeks),avg_shadow | involvement,120,0.10187341925262051,,,,,,,,
